close,date,high,low,open,volume
47.6166,2019-08-12,47.7118,47.1314,47.5881,2112100
47.4929,2019-08-13,48.4729,46.9602,46.9982,3240500
46.3893,2019-08-14,47.0363,45.8756,47.0173,3653800
45.8661,2019-08-15,46.6557,45.7519,46.532,2935600
47.3693,2019-08-16,47.5786,46.1895,46.3322,2997200
48.1779,2019-08-19,48.4729,47.8545,47.883,3540100
47.7578,2019-08-20,48.1875,47.4809,48.1684,2296900
48.3021,2019-08-21,48.5885,48.0729,48.1302,2096500
48.8749,2019-08-22,49.2377,48.3689,48.5121,3470200
48.2734,2019-08-23,49.591,47.9583,48.6458,4692100
48.3975,2019-08-26,48.8463,47.9679,48.6362,3608800
48.2066,2019-08-27,48.8081,47.9201,48.6649,2519100
48.8463,2019-08-28,49.19,47.8533,47.9679,2614900
49.9347,2019-08-29,50.0206,49.2759,49.3237,3851800
49.9538,2019-08-30,50.7845,49.8201,50.2211,3274700
49.0563,2019-09-03,49.8774,48.6076,49.5433,4298000
49.7438,2019-09-04,49.9252,48.703,49.486,3167000
50.1448,2019-09-05,50.7272,50.0684,50.2211,3236100
49.7819,2019-09-06,50.7463,49.7247,50.3644,2773600
50.6794,2019-09-09,50.8895,49.4764,49.7819,3127600
50.9659,2019-09-10,51.2046,50.4885,50.8799,3196200
52.2357,2019-09-11,52.3789,50.6412,51.0518,5496000
52.4935,2019-09-12,52.9614,51.8443,52.3121,2963500
53.2669,2019-09-13,53.8015,53.1332,53.4483,4400800
53.286,2019-09-16,53.3337,51.6151,51.9302,4727300
53.2096,2019-09-17,53.7347,52.7131,52.7513,4270200
53.687,2019-09-18,53.9352,53.0855,53.1809,4514200
52.589,2019-09-19,53.6679,52.5699,53.5533,4054800
52.0257,2019-09-20,52.9327,51.8156,52.6654,7034800
52.0161,2019-09-23,52.2835,51.5196,51.892,2910200
52.2548,2019-09-24,52.6845,51.6247,52.4553,3402100
52.3407,2019-09-25,52.8372,52.0543,52.2835,2118900
52.1116,2019-09-26,52.6845,51.9779,52.3885,2528900
51.8825,2019-09-27,52.6749,51.6151,52.4171,3160700
51.5674,2019-09-30,52.2166,51.3001,51.9398,3712900
50.9563,2019-10-01,52.4171,50.8799,51.8347,4204900
49.6865,2019-10-02,50.6031,48.8749,50.3357,5131400
49.8965,2019-10-03,50.0684,48.9417,49.6865,4079200
50.4025,2019-10-04,50.5935,49.801,49.801,2779800
50.6412,2019-10-07,51.0327,50.393,50.6031,2775100
50.6317,2019-10-08,51.2905,50.0397,50.3453,3751400
51.0709,2019-10-09,51.6915,50.7272,51.1473,3698600
51.2428,2019-10-10,51.4051,50.2211,50.3166,2822400
51.4814,2019-10-11,52.1402,51.4433,51.9111,3032800
51.5865,2019-10-14,51.8443,51.2905,51.2905,1932800
51.7106,2019-10-15,52.3026,51.2237,51.5483,3505800
51.2428,2019-10-16,52.1307,51.2332,51.7106,4356100
51.4242,2019-10-17,51.7583,51.2618,51.6056,3872500
51.0614,2019-10-18,52.2453,51.0327,51.4337,7672900
50.8227,2019-10-21,51.8538,50.7367,51.8538,6836000
50.5267,2019-10-22,51.09,49.9252,50.7176,5598400
50.8322,2019-10-23,50.9945,50.2784,50.5362,5038300
53.7443,2019-10-24,54.5176,51.5578,51.7488,10462200
54.1739,2019-10-25,54.2312,53.2096,53.5342,4044000
55.0332,2019-10-28,55.2051,54.2598,54.3458,5439400
54.6227,2019-10-29,55.2815,54.5654,55.0046,3074800
54.4604,2019-10-30,54.6799,53.9257,54.6036,2280500
53.5915,2019-10-31,54.0784,53.2096,53.9925,2555200
53.7156,2019-11-01,53.8206,53.3242,53.792,2364500
54.4031,2019-11-04,54.4126,53.8206,53.9734,2368000
55.2624,2019-11-05,55.3578,54.4317,54.5749,2897900
55.2433,2019-11-06,55.2815,54.4604,55.2815,2649200
55.6061,2019-11-07,55.8543,55.2433,55.3769,2860900
55.5488,2019-11-08,55.7111,55.2719,55.5679,2520600
55.6252,2019-11-11,55.6634,54.6131,55.3865,3172600
55.2337,2019-11-12,55.7684,55.0619,55.7016,1936000
54.9855,2019-11-13,55.2242,54.8518,54.995,1817900
55.0237,2019-11-14,55.1096,54.4985,54.6513,1901400
55.1764,2019-11-15,55.5202,55.0714,55.2719,1647700
55.1669,2019-11-18,55.186,54.6131,55.0714,2205200
54.9473,2019-11-19,55.4247,54.7086,55.3674,2103400
54.2598,2019-11-20,54.89,53.7156,54.7372,3125800
54.0307,2019-11-21,54.489,53.983,54.2789,2126000
54.4317,2019-11-22,54.5367,54.0402,54.2408,1530200
54.9568,2019-11-25,55.1573,54.2694,54.6131,2076400
54.9855,2019-11-26,55.2719,54.5367,55.1669,2665400
55.1382,2019-11-27,55.3292,54.7945,55.0619,1627000
55.0332,2019-11-29,55.3292,54.8709,55.1382,1098400
54.1548,2019-12-02,55.186,54.1357,54.995,2977200
53.4006,2019-12-03,53.792,53.1046,53.6583,3669100
53.2573,2019-12-04,53.9925,53.2382,53.5438,3379700
53.0186,2019-12-05,53.6392,52.9804,53.5151,2791700
53.4101,2019-12-06,53.7252,53.2478,53.2955,2257000
52.9613,2019-12-09,53.4101,52.9041,53.286,2553700
52.5974,2019-12-10,53.2391,52.4537,52.9614,2785000
51.7257,2019-12-11,52.5399,51.5437,52.2429,4881300
52.195,2019-12-12,53.0859,51.8789,52.1663,4054800
51.8694,2019-12-13,52.5399,51.8502,52.0514,2705400
52.0609,2019-12-16,52.6165,52.0514,52.2525,3293900
51.8981,2019-12-17,52.7889,51.7448,52.013,3965600
51.3425,2019-12-18,52.2429,51.1797,52.0609,3930600
51.8023,2019-12-19,51.9173,51.2563,51.2563,3833800
52.3292,2019-12-20,52.3962,51.7353,51.9939,7819700
52.923,2019-12-23,53.7277,52.3675,52.5016,7845800
52.6261,2019-12-24,52.9901,52.3675,52.9422,1326400
52.5878,2019-12-26,53.0092,52.3004,52.6261,1930800
52.0322,2019-12-27,52.6836,51.7832,52.6548,3348200
51.8023,2019-12-30,52.1088,51.5533,52.0322,2696300
51.7065,2019-12-31,51.8406,51.5533,51.764,2881100
52.5303,2020-01-02,52.559,52.0035,52.0897,3713000
52.0609,2020-01-03,52.128,50.8061,51.3425,3536100
51.8502,2020-01-06,52.2621,51.2276,51.4287,4200300
52.0035,2020-01-07,52.1088,51.6107,52.0418,2997600
52.0801,2020-01-08,52.3579,51.3808,51.4192,4103100
52.013,2020-01-09,52.5111,51.9173,52.2046,3850700
51.6682,2020-01-10,52.1088,51.4287,52.0609,4051400
51.7161,2020-01-13,51.8023,51.3521,51.6682,3958600
52.195,2020-01-14,52.856,52.0514,52.2813,5007400
52.7123,2020-01-15,52.7794,51.8406,52.0035,4097100
52.9709,2020-01-16,53.3349,52.7602,53.0476,2950500
52.6931,2020-01-17,53.1529,52.4537,53.0763,3999900
51.2851,2020-01-21,52.7506,50.9402,52.3292,6753500
51.2276,2020-01-22,51.9939,51.2084,51.6299,5303600
53.0667,2020-01-23,53.1242,49.6662,50.7678,6784500
54.1683,2020-01-24,54.1779,52.6452,53.2679,7995100
53.8809,2020-01-27,54.2736,52.8272,52.9039,8275100
55.1741,2020-01-28,55.2986,54.015,54.2066,6242300
54.494,2020-01-29,55.7392,54.4269,55.3177,6666000
53.4786,2020-01-30,54.0917,52.8943,52.9805,5129600
52.6644,2020-01-31,53.5648,52.3292,53.2775,5552100
52.8943,2020-02-03,53.3828,52.3866,53.0763,4071100
53.3349,2020-02-04,53.9959,53.1625,53.6319,3619400
54.5514,2020-02-05,54.8196,53.7564,54.0533,3162700
55.289,2020-02-06,55.5668,54.676,54.9633,4332000
54.8484,2020-02-07,55.2794,54.5898,55.04,2703600
55.0016,2020-02-10,55.0687,54.1491,54.7909,2882100
55.4902,2020-02-11,56.1224,55.1645,55.3848,2848600
56.017,2020-02-12,56.1894,55.5572,55.8158,2234200
56.0745,2020-02-13,56.2181,55.4135,55.6147,2401800
55.5285,2020-02-14,56.3523,55.4518,56.2086,2481800
55.1741,2020-02-18,55.8829,54.9633,55.5572,3086600
54.7047,2020-02-19,55.3082,54.6568,55.2507,2135100
54.5419,2020-02-20,55.0879,54.3215,54.6376,2924800
54.1491,2020-02-21,54.4078,53.1242,54.1491,2324600
51.831,2020-02-24,52.674,51.1031,52.559,7538400
47.5685,2020-02-25,52.2046,47.4631,52.1184,9351700
46.8405,2020-02-26,48.3539,46.055,47.9804,9286300
44.6661,2020-02-27,47.1374,43.7178,45.1642,10355900
44.2446,2020-02-28,44.8002,43.0856,43.1718,11851000
44.9726,2020-03-02,45.1929,42.4725,44.5799,9043200
43.4726,2020-03-03,46.5303,43.3187,45.713,7338100
45.1265,2020-03-04,45.2611,43.136,44.1264,8990300
43.511,2020-03-05,43.9437,42.4821,43.3283,10774800
43.9726,2020-03-06,45.0015,41.0783,41.886,10708100
41.9437,2020-03-09,43.8572,41.0783,41.2417,9602300
43.8091,2020-03-10,44.088,40.8763,43.5399,9366900
40.8571,2020-03-11,42.6745,40.0301,42.2994,10508900
34.6838,2020-03-12,39.0397,34.2415,37.8185,16353400
39.6936,2020-03-13,39.6936,34.9146,37.6839,14308800
36.0781,2020-03-16,37.9339,34.4723,35.0973,15849900
36.78,2020-03-17,39.1263,34.6165,36.7416,8133500
33.7992,2020-03-18,35.0204,28.0297,34.405,14219600
29.674,2020-03-19,33.703,29.3279,33.3184,18052600
30.7125,2020-03-20,32.6453,28.5105,30.8279,12617900
32.4337,2020-03-23,33.1645,29.0875,30.4721,9616800
36.2127,2020-03-24,37.6262,34.6646,36.732,12803100
37.8858,2020-03-25,40.1263,35.8762,39.9244,16346700
39.6455,2020-03-26,41.886,38.5205,39.3282,8986300
34.9819,2020-03-27,38.5974,34.7127,38.3089,8297400
33.7511,2020-03-30,35.7223,33.1742,34.155,7443300
34.2415,2020-03-31,36.03,33.6069,33.9146,7794100
30.8087,2020-04-01,32.8857,30.5875,32.7414,8545900
30.2894,2020-04-02,31.5779,29.6837,30.876,7853500
29.3663,2020-04-03,30.6548,28.5875,30.126,9915900
29.5202,2020-04-06,30.7318,28.8471,30.5683,13833000
31.5106,2020-04-07,34.0684,31.0779,32.5395,14036100
32.9818,2020-04-08,33.4434,31.376,32.2703,8923800
35.0684,2020-04-09,35.8762,33.7799,34.905,10338100
32.9434,2020-04-13,35.3088,32.453,35.3088,9067500
33.4434,2020-04-14,34.6646,33.3761,33.8184,8860200
31.5587,2020-04-15,33.9049,31.2702,33.7992,20028700
29.501,2020-04-16,31.1068,29.0394,30.8856,17862300
29.9914,2020-04-17,31.6837,29.7125,31.251,20139900
29.8664,2020-04-20,30.2702,28.3759,29.4625,14553900
28.9529,2020-04-21,30.0298,28.4625,28.8952,12562700
28.5682,2020-04-22,29.626,27.6932,29.4529,15676500
28.9817,2020-04-23,29.5971,28.4528,28.6644,11631600
28.2028,2020-04-24,29.2606,27.6932,29.0394,15077600
27.9913,2020-04-27,28.7605,27.7413,28.6452,14224500
28.549,2020-04-28,29.3086,27.1643,28.0009,54153900
29.7798,2020-04-29,30.5779,28.299,28.3567,101007800
30.049,2020-04-30,30.4721,29.0202,29.5298,62444700
28.1067,2020-05-01,29.7702,27.6451,29.3279,36353800
26.5009,2020-05-04,26.8663,25.4816,26.1835,43447700
25.4047,2020-05-05,27.049,25.1739,26.9913,36676900
23.9719,2020-05-06,25.7124,23.8181,25.5297,36971800
24.4719,2020-05-07,25.2604,23.9912,24.0296,24535900
26.1547,2020-05-08,26.1835,24.9143,25.0393,19120400
25.0874,2020-05-11,25.8278,24.7893,25.597,20841500
24.27,2020-05-12,25.597,24.1739,25.1835,16904400
23.0777,2020-05-13,24.1354,22.6161,24.0585,22892500
23.8277,2020-05-14,23.8565,21.6065,22.4815,23187200
22.9527,2020-05-15,23.9142,22.8373,23.4335,18679800
26.0489,2020-05-18,26.1932,24.5681,24.7604,27148700
26.6259,2020-05-19,27.7413,25.8951,27.4047,35768200
28.0297,2020-05-20,28.2028,27.0874,27.3759,27249000
28.4625,2020-05-21,28.9625,27.9047,28.1836,22166500
27.7605,2020-05-22,28.8279,27.222,28.6163,17558200
31.2702,2020-05-26,31.6741,30.2317,30.4914,41232500
32.3664,2020-05-27,33.8088,30.1933,33.5588,44902300
31.2991,2020-05-28,32.7895,31.0972,32.5972,24743000
30.8664,2020-05-29,31.5587,30.001,30.2702,19741300
32.328,2020-06-01,33.078,30.9241,31.0587,20812800
33.1549,2020-06-02,33.8472,32.7222,33.5203,22875700
35.0204,2020-06-03,35.53,33.5588,33.7222,26644900
36.7993,2020-06-04,38.232,35.1934,36.3377,54234500
36.7127,2020-06-05,40.7225,36.1262,40.3667,54289300
39.0301,2020-06-08,39.0493,37.2127,38.5974,31341000
36.5493,2020-06-09,37.3185,35.1742,36.8858,26724400
35.7127,2020-06-10,36.732,33.4242,34.6261,37974200
31.5683,2020-06-11,33.8184,31.251,31.6741,28557000
34.4915,2020-06-12,35.5685,32.9915,34.6742,26920400
34.9434,2020-06-15,35.5011,32.3184,32.501,23794700
35.1646,2020-06-16,37.1454,34.155,37.03,30327500
34.9146,2020-06-17,35.3858,34.2992,34.8473,18721000
34.4723,2020-06-18,35.1646,34.0492,34.28,13810100
33.2222,2020-06-19,35.2031,32.6453,35.1646,20499000
33.0395,2020-06-22,33.4819,32.3472,32.7222,14395700
33.4145,2020-06-23,33.4626,32.5491,33.4434,15215000
31.0106,2020-06-24,32.953,30.9914,32.6934,19031700
31.7029,2020-06-25,31.7895,29.751,29.9914,18182600
30.7318,2020-06-26,31.876,29.9817,31.8568,23962000
33.6934,2020-06-29,34.0011,31.0875,31.876,25720800
32.8664,2020-06-30,33.6453,32.2799,33.6357,18758400
32.5107,2020-07-01,34.2319,32.376,33.9338,16127000
32.8088,2020-07-02,33.578,32.6549,33.3665,12300600
32.9818,2020-07-06,33.5396,31.876,33.3857,16454900
31.7414,2020-07-07,32.251,31.6741,32.203,10922100
31.626,2020-07-08,32.1837,30.8375,31.3087,16028400
30.3567,2020-07-09,31.4722,30.0971,31.2222,17209500
31.9433,2020-07-10,32.0683,29.9625,29.9625,14939500
31.3856,2020-07-13,32.2414,31.0299,32.1357,15503400
31.9722,2020-07-14,32.0972,30.5298,30.6164,11588800
34.3761,2020-07-15,34.7127,32.953,33.6838,21286100
32.8953,2020-07-16,33.7319,32.5972,33.4915,11389900
32.8184,2020-07-17,33.1934,32.5203,32.7607,7775600
31.7126,2020-07-20,32.9818,31.4722,32.6645,12541800
32.328,2020-07-21,32.8472,31.9722,32.0491,11922600
32.0203,2020-07-22,32.6068,31.7799,32.2126,10424000
31.5299,2020-07-23,32.8472,30.8279,31.4914,22888500
30.4433,2020-07-24,31.2029,30.3568,31.0683,14976700
30.3183,2020-07-27,30.7029,30.0394,30.3567,9759000
31.0491,2020-07-28,31.4145,30.2702,30.2991,10257600
30.5683,2020-07-29,31.376,30.2702,31.3279,11150800
29.7702,2020-07-30,30.4337,29.5875,30.126,12316500
29.7029,2020-07-31,29.8279,29.0779,29.6163,11115400
30.3664,2020-08-03,30.9145,29.1356,29.5683,13462200
30.1933,2020-08-04,31.0299,30.1741,30.4818,12116700
31.4626,2020-08-05,31.9241,30.5683,30.6741,14899600
31.751,2020-08-06,32.0683,31.0779,31.9818,15007900
32.001,2020-08-07,32.0203,31.4337,31.5779,9381200
33.6453,2020-08-10,33.7992,32.2607,32.3568,15958000
33.9338,2020-08-11,36.0012,33.7222,35.2031,21870300
33.8953,2020-08-12,34.6934,33.0395,34.453,13003000
33.3761,2020-08-13,34.328,33.2895,33.3761,8576800
33.5588,2020-08-14,33.7799,32.8857,32.9818,7373400
32.5107,2020-08-17,33.828,32.4914,33.7126,8113500
32.8472,2020-08-18,32.9338,32.251,32.5203,7256100
32.953,2020-08-19,34.405,32.8376,33.5684,14959400
33.1357,2020-08-20,33.2511,32.1933,32.3568,9149300
33.3568,2020-08-21,33.8376,32.9626,32.9818,11435500
35.4915,2020-08-24,35.5204,33.6165,33.9338,15211900
35.6358,2020-08-25,36.0589,34.9434,35.9916,11774000
34.9819,2020-08-26,35.6454,34.9338,35.4915,7938200
36.2031,2020-08-27,37.3858,35.8762,36.0973,14342500
37.3185,2020-08-28,37.5589,36.1454,36.6454,14082600
36.1358,2020-08-31,37.3185,36.1358,37.2608,9824300
36.4531,2020-09-01,37.1839,35.155,35.4242,10868600
37.6647,2020-09-02,37.8281,36.2319,37.0877,11157400
37.2512,2020-09-03,39.0974,36.3954,37.7705,16721400
37.8762,2020-09-04,38.5301,36.5973,37.6839,15543400
38.9436,2020-09-08,39.232,37.6743,37.6743,15808600
37.7128,2020-09-09,38.8859,37.3185,38.5493,12211500
37.4435,2020-09-10,38.4147,37.3762,38.0012,9024800
37.4531,2020-09-11,37.8955,37.1935,37.5493,8044900
38.5205,2020-09-14,38.7032,37.5589,37.8378,9680700
39.0493,2020-09-15,39.4051,38.5589,38.7128,10131200
40.4821,2020-09-16,41.2321,38.732,38.9628,19842600
38.8474,2020-09-17,40.3859,38.5493,39.7224,15234600
38.2993,2020-09-18,38.9532,37.7993,38.2416,21206300
36.0781,2020-09-21,36.9916,35.3377,36.5877,14266900
36.655,2020-09-22,36.732,35.6838,35.9146,10740000
36.1069,2020-09-23,37.7705,36.0396,36.9147,6797500
35.4435,2020-09-24,35.9819,34.4434,35.6069,10798800
35.6742,2020-09-25,35.8473,34.9146,35.0107,9297300
36.7704,2020-09-28,37.607,36.1262,36.607,9235200
36.1646,2020-09-29,36.5877,35.7608,36.5877,5232400
36.0589,2020-09-30,37.5781,35.9627,36.857,10144900
36.4723,2020-10-01,36.7896,35.9531,36.5012,8186800
37.2704,2020-10-02,37.8089,34.6646,34.7511,11937400
37.0108,2020-10-05,37.732,36.7031,37.6551,9304300
36.1358,2020-10-06,37.8281,36.0877,37.4724,10136000
37.107,2020-10-07,37.2512,36.2608,36.5396,8679300
37.4916,2020-10-08,38.0782,36.5685,37.5012,9138800
38.2032,2020-10-09,38.2705,37.1166,37.4435,10501800
37.6839,2020-10-12,38.357,37.5493,37.9724,7378500
37.6262,2020-10-13,37.9243,37.0974,37.2127,8839400
37.7416,2020-10-14,38.4532,37.6551,37.7416,6905300
37.3089,2020-10-15,37.4051,36.6743,37.1647,4492700
38.1551,2020-10-16,38.357,37.5108,37.5301,7333400
38.3185,2020-10-19,39.184,38.0493,38.4628,8592200
38.6166,2020-10-20,39.3282,38.5397,38.9436,7203900
38.3089,2020-10-21,38.6263,38.0108,38.4628,6532600
40.3186,2020-10-22,40.9148,38.5397,38.5878,13663900
41.1456,2020-10-23,41.7225,39.934,40.4244,12518700
39.5205,2020-10-26,40.8475,38.8474,40.4629,9712900
38.3955,2020-10-27,39.4436,38.2512,39.1359,6525100
36.6743,2020-10-28,37.8666,36.0396,37.3762,12101000
38.0493,2020-10-29,38.3378,36.4916,36.6262,8383600
38.0108,2020-10-30,38.6551,37.482,37.8762,11253900
36.9243,2020-11-02,38.4051,36.4916,38.3955,11362000
37.357,2020-11-03,37.8858,37.1839,37.7224,7275300
37.4339,2020-11-04,38.1262,36.5877,37.357,8999900
39.4724,2020-11-05,39.6647,37.8666,37.9243,8070200
38.4724,2020-11-06,39.357,38.2416,39.1743,5993300
42.2033,2020-11-09,47.5688,42.1071,45.0495,30140200
43.0879,2020-11-10,43.386,41.6648,42.1937,16842600
41.559,2020-11-11,43.1841,41.0206,43.1745,10332700
40.309,2020-11-12,41.6167,39.809,40.1744,11046100
42.1937,2020-11-13,42.4533,40.4917,40.5494,7828700
43.8283,2020-11-16,44.4245,42.8283,44.2899,14330000
43.9053,2020-11-17,44.463,42.7225,43.136,8384500
43.8476,2020-11-18,45.463,43.8476,45.0207,11424700
44.3091,2020-11-19,44.6745,43.6649,43.7803,6628600
43.7899,2020-11-20,44.2803,43.3091,44.2803,6587800
45.0111,2020-11-23,45.1457,43.5399,44.338,10113000
46.3957,2020-11-24,47.3381,45.8188,47.0208,12108800
46.415,2020-11-25,46.7034,45.6746,46.6073,7281800
45.8957,2020-11-27,46.8669,45.8188,46.3957,4051900
44.5591,2020-11-30,45.8669,44.2707,45.8188,8791500
45.4534,2020-12-01,46.2419,44.713,44.7611,7540000
45.6169,2020-12-02,45.9246,44.6745,45.0784,6054700
45.9823,2020-12-03,47.6265,45.8284,46.1073,9892200
45.7611,2020-12-04,46.915,45.2611,46.5111,7615800
46.0496,2020-12-07,46.5688,45.6842,46.4823,8097400
45.463,2020-12-08,46.088,45.2515,45.4822,9132100
44.0014,2020-12-09,45.713,43.511,45.5207,20733700
45.0015,2020-12-10,45.1938,43.2899,43.3572,8322900
44.1168,2020-12-11,44.7995,43.4245,44.2322,7638000
43.5206,2020-12-14,44.8091,43.5014,44.7899,6939700
44.6361,2020-12-15,44.7034,43.2225,43.9245,5969900
43.9726,2020-12-16,44.6361,43.5303,44.6361,6441800
44.6072,2020-12-17,44.6168,43.7033,44.0399,6368700
44.261,2020-12-18,44.5591,43.9053,44.4437,8398100
44.0399,2020-12-21,44.3572,42.7418,43.0398,7656900
43.5783,2020-12-22,44.3764,43.2514,44.2322,4546200
44.9534,2020-12-23,45.2899,43.7226,43.7226,6474200
44.5014,2020-12-24,45.2803,44.0495,45.1938,2973400
44.3476,2020-12-28,45.3572,44.338,45.0688,5476600
44.3764,2020-12-29,44.9726,44.2034,44.5687,4749500
44.6264,2020-12-30,45.1265,44.3572,44.4341,4845600
44.8188,2020-12-31,44.9822,43.9245,44.4053,5305600
43.3091,2021-01-04,44.7514,42.8475,44.6938,10256300
43.886,2021-01-05,44.3476,43.1168,43.1745,5204400
44.9534,2021-01-06,45.1649,43.6264,43.7514,7492800
45.5111,2021-01-07,46.0015,44.9341,44.9534,6282300
45.1745,2021-01-08,46.0976,44.9149,45.8092,4770600
45.6169,2021-01-11,46.1938,44.3476,44.7226,7911800
46.2803,2021-01-12,46.6169,45.463,45.8669,5356800
46.1457,2021-01-13,46.5688,45.6553,46.0496,6261900
46.9438,2021-01-14,47.5688,46.5784,46.7804,8090600
44.8668,2021-01-15,46.8381,44.8476,46.713,7359100
45.1072,2021-01-19,45.8188,44.963,45.3861,4780700
46.3573,2021-01-20,46.588,45.0976,45.2899,6972500
45.9342,2021-01-21,46.0976,45.3092,45.9149,5662600
45.5688,2021-01-22,45.9149,45.2611,45.3668,4812500
43.8668,2021-01-25,45.5207,43.4341,45.463,13345700
44.0495,2021-01-26,44.4437,43.8476,43.9918,5667200
42.4533,2021-01-27,43.9437,42.1841,43.511,10428700
42.886,2021-01-28,44.4726,42.6264,43.4245,12404600
42.2514,2021-01-29,43.2226,42.0398,42.5495,9854900
43.0687,2021-02-01,43.4533,42.3956,42.636,5861200
43.8668,2021-02-02,44.4053,43.6072,43.8476,6203500
44.7611,2021-02-03,45.0688,43.7514,43.8476,6118700
47.2419,2021-02-04,47.29,44.9149,44.9918,10621700
48.1266,2021-02-05,48.9343,47.2227,47.8477,10472600
50.2324,2021-02-08,51.242,48.2804,48.5785,11359100
49.2131,2021-02-09,49.7612,48.5881,49.5497,5409800
49.3093,2021-02-10,50.3285,49.1939,49.5208,7570800
49.4439,2021-02-11,49.5016,48.4054,49.0593,5240300
49.367,2021-02-12,49.8478,49.0112,49.3285,4660000
49.9632,2021-02-16,50.0208,48.867,49.8189,7402600
50.4247,2021-02-17,50.5112,49.242,49.7131,6255300
49.9535,2021-02-18,50.1939,49.0112,49.9343,5030900
50.7805,2021-02-19,51.7709,50.0978,50.2228,6334600
52.6844,2021-02-22,53.5979,51.242,51.9536,11268100
54.5402,2021-02-23,55.2133,52.2228,54.0402,13654500
57.0115,2021-02-24,57.348,55.1749,55.3864,14871700
56.0691,2021-02-25,56.9826,54.8864,56.8768,16988200
55.896,2021-02-26,56.4345,54.8095,55.2133,9763300
55.8287,2021-03-01,57.5403,55.4537,57.2615,11350700
55.5883,2021-03-02,56.1557,55.021,55.4826,6558200
55.598,2021-03-03,56.4153,55.3864,56.223,8552500
53.9248,2021-03-04,55.6556,52.1748,55.5018,12853300
54.7325,2021-03-05,54.9345,50.2805,54.1941,11420700
58.223,2021-03-08,58.3673,55.3383,55.7806,15098100
56.6653,2021-03-09,57.9346,55.9633,57.8576,7309900
56.2614,2021-03-10,57.3961,55.7326,56.5403,6449400
56.223,2021-03-11,57.1461,55.896,56.6653,7295300
58.6846,2021-03-12,58.8096,56.0595,56.1653,10182800
59.7135,2021-03-15,60.3481,58.4827,59.6654,11155700
58.2134,2021-03-16,59.9058,58.2038,59.8673,5928500
59.3961,2021-03-17,59.5596,57.7903,57.7903,6268900
58.598,2021-03-18,59.8865,58.473,59.2615,8020500
58.7038,2021-03-19,59.1173,57.3384,58.3192,9363800
57.1749,2021-03-22,58.6077,57.1365,58.2038,8093400
55.4056,2021-03-23,58.0596,54.8672,56.7326,9849900
55.4826,2021-03-24,57.3672,55.4729,56.3384,6733400
57.6076,2021-03-25,57.6557,54.2518,54.4345,6826300
58.9346,2021-03-26,59.0596,57.4922,58.1269,6463100
58.6173,2021-03-29,59.9731,58.0499,59.4923,7357000
59.5308,2021-03-30,59.8289,58.7134,58.8,5999900
58.7134,2021-03-31,59.6077,58.6077,59.2615,5721000
58.9442,2021-04-01,59.1942,58.425,58.9154,4975200
60.55,2021-04-05,61.8482,59.8385,60.05,7378100
61.6366,2021-04-06,62.1559,60.8097,61.0597,5777900
61.0789,2021-04-07,61.6751,60.5404,61.4443,4320500
61.0212,2021-04-08,61.05,59.6462,60.6943,5206900
60.9827,2021-04-09,61.1366,60.1173,60.8673,4086400
60.2519,2021-04-12,60.9058,59.5788,60.8577,4537900
60.8,2021-04-13,61.002,58.3,59.4731,8635400
60.6077,2021-04-14,62.2616,60.377,61.7232,6035000
60.5212,2021-04-15,61.0885,59.7423,60.9924,5148900
59.9923,2021-04-16,60.9731,59.6654,60.8,5082900
59.6462,2021-04-19,59.9731,59.0211,59.8962,4855000
57.5499,2021-04-20,58.8192,56.9826,58.7231,6112500
59.6558,2021-04-21,59.6846,56.6461,57.3288,7307100
58.7231,2021-04-22,61.252,58.6654,60.5789,9786200
59.1654,2021-04-23,59.425,58.4154,58.9538,5019800
59.5885,2021-04-26,60.4635,59.0788,59.7423,4953900
60.0019,2021-04-27,60.1173,59.0019,59.5885,4435000
59.3961,2021-04-28,60.0981,59.2231,59.7038,4457300
59.8769,2021-04-29,60.2423,59.3673,59.7423,4105400
60.3673,2021-04-30,60.6173,59.425,59.5212,4676800
59.7615,2021-05-03,60.6462,59.2808,60.5885,4133600
58.4827,2021-05-04,59.6462,57.7903,59.3481,6293500
58.4923,2021-05-05,59.4635,58.0692,58.4346,7451300
58.3577,2021-05-06,58.8673,57.5499,58.6269,4452800
59.2904,2021-05-07,59.7615,58.1269,58.348,5174700
58.9923,2021-05-10,59.9442,58.9731,59.4731,4178600
57.4826,2021-05-11,58.3865,56.5307,57.7903,6483100
55.973,2021-05-12,58.0596,55.848,57.1845,5999400
57.6269,2021-05-13,58.0788,56.3864,56.7038,5562600
59.9058,2021-05-14,60.175,58.1269,58.3769,8033100
59.7135,2021-05-17,60.0404,58.7711,59.8577,5955100
59.6846,2021-05-18,61.2327,59.4538,59.9923,5298300
58.0692,2021-05-19,58.8288,57.2711,58.6557,8732100
57.6172,2021-05-20,58.5788,57.0115,58.5788,7798300
57.7807,2021-05-21,58.2711,57.6653,57.9442,4885800
58.348,2021-05-24,58.7038,57.5115,58.1365,4038100
58.223,2021-05-25,59.9923,58.1461,59.3385,7029200
58.8577,2021-05-26,58.9827,58.1076,58.4153,4526600
59.3577,2021-05-27,59.425,58.723,59.2423,4437900
59.0981,2021-05-28,59.3962,58.7327,59.2615,3517100
58.9923,2021-06-01,59.8673,58.7423,59.5596,5313700
58.5307,2021-06-02,59.5404,58.2807,59.3096,5327800
56.021,2021-06-03,58.0211,55.9057,57.848,9963500
56.2999,2021-06-04,56.5884,55.6845,56.3864,5000900
56.0403,2021-06-07,56.6557,55.6941,56.4345,4756800
56.6365,2021-06-08,57.0211,56.0691,56.598,4830000
56.1749,2021-06-09,56.8961,55.9633,56.7326,4740100
55.2902,2021-06-10,56.8672,55.2614,56.5884,4570600
55.3576,2021-06-11,55.8287,55.2037,55.2326,5059600
55.0787,2021-06-14,55.8383,54.7422,55.2902,4908300
54.9249,2021-06-15,55.6268,54.5883,55.2518,6430700
54.4921,2021-06-16,55.2806,54.1652,54.8672,5947700
53.4344,2021-06-17,54.9441,52.9344,54.5979,8334200
53.069,2021-06-18,53.5498,52.569,52.8863,8798300
54.1364,2021-06-21,54.2998,53.1652,53.1748,5470100
53.6075,2021-06-22,54.1556,53.2806,53.9441,4694100
53.069,2021-06-23,53.5787,52.8671,53.3671,6157800
52.5594,2021-06-24,53.4825,52.5209,53.396,8134800
52.4536,2021-06-25,52.7613,52.1459,52.5882,6555800
51.1843,2021-06-28,52.1651,50.8286,52.1651,8319700
50.8863,2021-06-29,51.6555,50.5305,50.9247,8078100
51.0497,2021-06-30,51.5017,50.8093,51.0593,6859900
51.7901,2021-07-01,52.2998,51.2901,51.5401,7113800
51.5978,2021-07-02,51.9632,51.2613,51.9055,6747600
50.3478,2021-07-06,51.9344,50.1362,51.694,7819300
49.4054,2021-07-07,50.6459,49.1554,50.2805,9116600
49.2227,2021-07-08,49.9151,48.1746,48.5593,8425500
50.8093,2021-07-09,50.9343,49.7901,50.0016,6773900
50.944,2021-07-12,51.0401,49.7324,50.6747,6919800
49.5881,2021-07-13,50.6074,49.5208,50.4824,6646800
49.9824,2021-07-14,50.5593,49.5881,50.3285,8445300
49.7901,2021-07-15,50.4439,49.3958,49.6651,6245400
47.9919,2021-07-16,50.242,47.79,50.1266,8234900
46.6361,2021-07-19,47.0784,45.5496,46.1938,15481100
49.4535,2021-07-20,49.6074,46.6938,46.9823,12772800
51.0882,2021-07-21,51.4632,50.0785,50.0882,13951600
49.3189,2021-07-22,50.2612,48.8862,50.0978,14707500
48.7516,2021-07-23,50.0112,48.6169,49.4439,8826500
49.7901,2021-07-26,49.8574,48.4439,48.4439,6376700
49.1843,2021-07-27,49.7708,48.79,49.5401,4807300
49.7708,2021-07-28,50.117,48.8477,49.5016,6798800
49.5689,2021-07-29,50.3862,49.5593,50.1747,5902100
48.5785,2021-07-30,49.7708,48.4439,49.0785,6562200
47.8285,2021-08-02,49.5304,47.7419,48.6554,7399000
48.7035,2021-08-03,48.7131,47.2227,47.9246,6208000
47.0207,2021-08-04,48.2612,46.6361,47.8958,11491500
48.5112,2021-08-05,48.8093,47.165,47.2131,6904000
48.7708,2021-08-06,49.2035,48.1362,49.1747,5065900
47.7996,2021-08-09,48.2035,47.0496,48.1746,5649800
49.1458,2021-08-10,49.6458,47.7035,47.8862,5503200
49.8478,2021-08-11,49.9728,47.8573,47.9439,8714900
49.0304,2021-08-12,49.5881,48.6266,49.4439,5739800
48.4727,2021-08-13,49.0881,48.3573,48.9439,4979700
48.1842,2021-08-16,48.5112,47.5688,48.0785,5784000
46.8573,2021-08-17,47.5208,46.29,47.4535,7226900
46.5784,2021-08-18,47.5688,46.4727,46.6938,6526600
45.6361,2021-08-19,46.5207,45.1457,46.3284,7762100
45.5399,2021-08-20,46.0592,45.4726,45.4822,5193200
46.838,2021-08-23,47.0688,46.1842,46.2803,9345800
48.8573,2021-08-24,49.1362,47.5977,47.5977,8703100
49.2804,2021-08-25,50.0208,48.3958,48.8862,8039500
48.3381,2021-08-26,49.3285,47.915,48.9727,5779400
48.9247,2021-08-27,49.367,48.3766,48.3766,5940900
47.2804,2021-08-30,49.1651,47.2227,49.0689,6216300
47.8669,2021-08-31,48.1073,47.0111,47.1361,6431200
47.6458,2021-09-01,48.1842,47.5208,48.0785,4509200
47.6938,2021-09-02,48.2323,47.1554,47.6554,4966700
46.9823,2021-09-03,47.9054,46.7996,47.4438,5201800
46.665,2021-09-07,46.8669,46.1457,46.5015,6474400
46.2707,2021-09-08,47.4823,46.2419,46.8861,4901900
47.3381,2021-09-09,48.2612,45.9823,46.0688,7098200
46.0592,2021-09-10,47.5208,46.0303,47.4823,6585100
46.8573,2021-09-13,47.1842,45.6649,46.665,5511900
46.1842,2021-09-14,47.0784,45.8957,46.665,4827500
46.5977,2021-09-15,46.6265,45.5207,46.2515,4800100
47.2323,2021-09-16,47.6169,46.7323,47.0015,5701300
47.1938,2021-09-17,47.915,46.7034,47.4919,7289500
47.6746,2021-09-20,47.7323,46.0784,46.9534,7771200
47.2611,2021-09-21,48.3766,46.9342,47.8862,7660400
48.7035,2021-09-22,49.2612,47.4727,47.4727,9763600
50.3093,2021-09-23,50.7613,49.0881,49.2612,10282400
50.819,2021-09-24,51.1555,50.2228,50.3862,7030200
50.9247,2021-09-27,52.3094,50.8093,51.444,8380100
51.0113,2021-09-28,51.5594,50.5497,50.8766,6898900
50.5209,2021-09-29,51.319,50.3959,51.1555,4848800
49.4535,2021-09-30,50.242,48.9247,50.1939,6404600
52.2613,2021-10-01,52.6075,50.6843,51.7036,12554000
52.944,2021-10-04,54.1652,52.694,53.5787,11905900
52.3767,2021-10-05,53.3575,52.2902,52.8286,5505200
52.3575,2021-10-06,52.4055,50.8863,51.5113,6351600
51.9632,2021-10-07,52.8671,51.9344,52.7806,5066200
51.8478,2021-10-08,52.2805,51.4632,52.2036,3220100
49.6843,2021-10-11,51.2805,49.617,49.992,15630900
50.1747,2021-10-12,50.4439,49.3958,49.742,8399400
49.2804,2021-10-13,49.8958,48.7131,49.8766,8532100
49.5304,2021-10-14,50.0882,49.4247,49.6651,6090900
48.4246,2021-10-15,50.4728,48.3669,50.2324,7598000
47.8573,2021-10-18,48.7227,47.7419,48.0881,6134200
47.4823,2021-10-19,47.915,47.3188,47.6842,6543600
47.5688,2021-10-20,48.0496,46.9823,47.1746,6995800
46.79,2021-10-21,47.5111,46.5592,47.4054,10788300
45.7996,2021-10-22,46.5977,45.5976,46.2996,7623200
45.6553,2021-10-25,46.04,45.3957,45.6649,5916300
45.7611,2021-10-26,46.2996,45.5015,46.1553,6975000
44.7803,2021-10-27,45.838,44.7226,45.7707,6391500
45.4245,2021-10-28,45.6072,44.6553,44.7418,6011800
45.463,2021-10-29,45.5976,44.963,45.213,6079600
47.2419,2021-11-01,47.2419,45.2515,45.5207,8375000
47.0304,2021-11-02,47.4823,46.7419,47.2804,6211600
47.5592,2021-11-03,47.9342,46.7227,47.04,5590600
47.1842,2021-11-04,47.9246,46.8381,47.7323,6709000
50.2228,2021-11-05,50.5305,48.9631,49.0208,13022700
49.3958,2021-11-08,50.7613,49.2324,50.4824,8151300
48.9535,2021-11-09,49.4343,48.3381,49.1843,8148500
47.7804,2021-11-10,48.8862,47.4438,48.3093,6815300
47.1938,2021-11-11,48.0592,47.1842,47.8092,5117500
46.5592,2021-11-12,47.1842,45.9919,47.1842,6455100
47.2419,2021-11-15,47.4823,46.7611,47.1746,4400600
45.7707,2021-11-16,46.7034,45.6745,46.5977,8331100
45.5784,2021-11-17,45.7803,45.088,45.588,6664900
44.588,2021-11-18,45.5976,44.261,45.5688,7392700
45.0303,2021-11-19,45.1842,43.636,44.4053,9870900
45.8861,2021-11-22,46.1842,45.1649,45.2803,8300100
45.1745,2021-11-23,46.4534,45.1168,46.2611,6264400
45.1842,2021-11-24,45.2995,44.5207,44.713,4977600
43.2322,2021-11-26,43.7322,42.1264,43.0783,11570900
42.8283,2021-11-29,44.1457,42.511,43.9822,9893600
42.6937,2021-11-30,43.0591,41.5013,42.261,12149100
40.9148,2021-12-01,43.7899,40.7609,43.261,14225800
43.5976,2021-12-02,43.8091,41.1936,41.5398,12908200
42.5783,2021-12-03,43.8476,41.9629,43.3283,8508200
43.8091,2021-12-06,45.1553,43.261,43.261,13262600
43.4726,2021-12-07,44.9534,43.1264,44.4534,11351700
43.5303,2021-12-08,44.4918,42.8475,42.8475,12788200
41.934,2021-12-09,42.6648,41.7033,42.4052,15789200
40.3571,2021-12-10,41.2609,39.9628,40.8475,17075600
38.9243,2021-12-13,40.1263,38.5109,39.8763,12916500
38.6936,2021-12-14,39.6359,38.5397,38.7993,9601200
38.5686,2021-12-15,38.7993,37.8185,38.4724,13099000
38.0108,2021-12-16,39.184,37.8858,39.1743,13408000
38.1358,2021-12-17,38.9339,37.5781,37.9628,15175600
37.8474,2021-12-20,38.4243,37.1743,37.4147,12253100
39.2993,2021-12-21,39.8186,38.1166,38.1935,12569900
39.5397,2021-12-22,40.0013,38.9051,39.2801,8616000
40.2609,2021-12-23,40.3571,39.6167,40.1744,6587800
40.1551,2021-12-27,40.2994,39.1167,39.4532,6929200
40.6648,2021-12-28,41.1359,39.8282,40.0109,6561000
40.5398,2021-12-29,40.9244,40.1936,40.6071,6724000
41.0783,2021-12-30,41.5302,40.2417,40.3763,7673900
41.1936,2021-12-31,41.5013,40.9725,40.9725,5932100
42.3091,2022-01-03,42.5591,40.8763,41.511,10571400
42.9437,2022-01-04,43.7899,42.7706,42.9918,11207000
42.2994,2022-01-05,43.4629,42.1167,43.2226,9702000
42.2033,2022-01-06,42.9629,41.4148,42.7706,6750700
43.6072,2022-01-07,43.9245,42.4148,42.4918,7479100
43.5014,2022-01-10,43.9533,42.5879,43.8668,7710800
44.0687,2022-01-11,44.4726,43.5495,43.6072,6813200
43.4726,2022-01-12,44.1649,43.0014,43.7899,7831000
44.0303,2022-01-13,44.7034,43.5014,43.5783,8185900
44.0591,2022-01-14,44.1457,43.2418,43.8091,6241100
43.6841,2022-01-18,44.4245,43.4245,43.7514,6734000
42.7225,2022-01-19,43.9341,42.6937,43.636,5475300
42.636,2022-01-20,43.9918,42.5591,43.0399,7172700
41.7033,2022-01-21,42.6841,41.5013,42.5494,7899700
42.1841,2022-01-24,42.261,40.2705,40.7513,11296800
42.1648,2022-01-25,42.4629,41.2321,41.7321,6803400
42.0302,2022-01-26,43.6072,41.684,42.6937,10785800
41.1744,2022-01-27,42.8668,40.8186,41.6263,8960900
41.2802,2022-01-28,41.309,39.0686,41.1456,10975900
43.0398,2022-01-31,43.1072,40.6552,40.8763,8199900
43.4437,2022-02-01,44.0687,43.136,43.2706,6593200
42.5879,2022-02-02,43.2418,41.8956,42.9341,7955500
41.7706,2022-02-03,42.7225,41.6648,42.4244,5512200
41.9821,2022-02-04,42.261,41.1167,41.4917,5073900
42.886,2022-02-07,43.3764,42.2417,42.761,7478500
44.2995,2022-02-08,44.386,43.0302,43.2706,9563800
45.213,2022-02-09,45.9053,44.6168,44.7226,9549800
44.7418,2022-02-10,45.6457,44.588,44.8861,7231600
43.7803,2022-02-11,45.2034,43.0014,44.7995,8422200
43.636,2022-02-14,44.588,43.1841,43.9149,6002300
45.4822,2022-02-15,45.6457,44.5784,44.713,6872100
45.5976,2022-02-16,45.8092,44.9341,45.088,5773200
44.5976,2022-02-17,45.3765,44.2418,45.1938,5538300
44.213,2022-02-18,45.1265,44.0399,44.4726,5037800
43.8668,2022-02-22,44.4726,43.3283,43.6456,7196600
42.3187,2022-02-23,44.4437,42.2706,44.3091,7070800
42.636,2022-02-24,42.8091,39.6167,39.9244,10439300
43.4053,2022-02-25,43.8957,42.8956,43.0975,6627700
42.1167,2022-02-28,43.1168,41.636,42.6456,10361100
40.3378,2022-03-01,41.886,39.6936,41.7321,11235300
40.6936,2022-03-02,41.4052,40.3475,40.8667,8702600
40.0686,2022-03-03,41.7033,39.8186,41.5398,10376000
39.1167,2022-03-04,39.5878,38.5301,39.2705,8594700
35.7608,2022-03-07,39.1263,35.3377,38.8378,17624500
37.6551,2022-03-08,39.1936,35.4338,36.2608,15028100
39.0974,2022-03-09,39.809,38.4916,39.2801,12104700
39.4532,2022-03-10,39.8955,38.1358,38.4628,9483400
38.6936,2022-03-11,40.2801,38.5589,40.1936,8790500
38.5589,2022-03-14,39.5301,37.7031,39.0301,7576000
40.4436,2022-03-15,41.6936,39.6263,40.3859,11080800
41.4629,2022-03-16,41.6071,40.2225,41.2033,12849000
41.1359,2022-03-17,41.1552,40.184,40.4244,9449600
41.5783,2022-03-18,41.8187,40.6167,41.0013,7862300
41.1359,2022-03-21,41.5013,40.6359,40.8667,6251200
41.4052,2022-03-22,41.9148,40.9917,41.3475,5393600
41.2225,2022-03-23,41.6937,41.0206,41.0783,4301900
42.2321,2022-03-24,42.3091,40.9725,41.3186,4528800
42.6745,2022-03-25,43.0014,42.2417,42.3475,4416300
42.7129,2022-03-28,43.2033,42.2033,42.9341,4071400
43.5879,2022-03-29,44.4149,43.3283,43.7803,6100100
43.8187,2022-03-30,43.9341,43.0495,43.2322,4687200
44.0399,2022-03-31,44.6072,43.8476,43.9341,5033300
44.1457,2022-04-01,44.4822,43.7226,44.1553,6013000
44.1649,2022-04-04,44.3284,43.261,44.088,4092400
43.4726,2022-04-05,44.4534,42.8956,44.2418,6874500
42.0494,2022-04-06,42.6937,40.9725,42.5783,7428900
40.7609,2022-04-07,41.7802,39.6936,41.7225,10010200
39.6551,2022-04-08,40.7994,39.5974,40.7128,7704000
40.9821,2022-04-11,41.309,39.4628,39.5494,5991600
41.1744,2022-04-12,41.309,40.5494,41.2513,5368200
44.2803,2022-04-13,44.2995,42.4244,42.7322,11063300
44.963,2022-04-14,45.3476,44.4918,44.6553,7226100
44.4822,2022-04-18,45.0688,44.2707,44.6649,4808200
45.5303,2022-04-19,45.8669,44.8284,44.8284,6060900
45.5111,2022-04-20,46.2226,45.3476,45.7419,5877500
46.5207,2022-04-21,48.1746,46.3669,47.0496,11926000
45.0495,2022-04-22,47.0208,45.0111,46.5303,6508300
44.6457,2022-04-25,44.7322,43.5206,44.5303,7064300
43.2899,2022-04-26,44.5687,43.0302,44.2899,5280400
44.1745,2022-04-27,44.4341,42.8283,43.3091,6407800
45.0976,2022-04-28,45.7226,44.2995,45.7226,8729000
44.9245,2022-04-29,46.2803,44.7803,45.3284,5954200
44.7418,2022-05-02,45.2515,43.5206,44.6168,6499800
45.4342,2022-05-03,45.6553,44.2707,45.1168,5384100
46.2226,2022-05-04,46.3284,44.5687,45.0976,4917800
45.1938,2022-05-05,46.1553,44.7707,45.4438,4652300
44.3476,2022-05-06,45.0014,43.6264,45.0014,4112500
42.1456,2022-05-09,43.9726,41.7802,43.6937,6505500
42.8764,2022-05-10,43.6745,42.0014,42.6456,6243700
41.3571,2022-05-11,43.7706,41.2706,42.7129,5743400
40.7032,2022-05-12,41.8187,39.8378,40.7802,6552900
41.3379,2022-05-13,41.6552,40.9148,41.3763,5144500
41.5206,2022-05-16,42.0206,40.9629,41.0494,4578200
43.3764,2022-05-17,43.4245,42.3571,42.7514,4051100
42.5302,2022-05-18,43.6072,42.3283,42.8091,4581200
41.8956,2022-05-19,42.7802,41.7129,41.9821,4295200
41.0109,2022-05-20,42.6937,40.0494,42.5975,4517800
41.7129,2022-05-23,42.0302,40.9244,41.5398,3287500
40.1263,2022-05-24,41.1456,39.9532,40.9725,3898700
40.8186,2022-05-25,40.9148,39.7801,40.1167,3903700
43.2706,2022-05-26,43.6937,41.5206,41.7513,5327400
44.0399,2022-05-27,44.3476,43.5206,43.6168,3279900
44.0976,2022-05-31,44.5014,43.0302,43.1841,5234000
42.4533,2022-06-01,44.6745,42.2898,44.6168,4725000
42.8572,2022-06-02,42.8764,41.9244,42.4341,4494400
42.1552,2022-06-03,42.4533,41.4052,42.1841,3647500
42.7129,2022-06-06,43.1168,42.1648,42.8283,3354700
43.1552,2022-06-07,43.1841,42.011,42.2129,2707500
41.7033,2022-06-08,42.9245,41.559,42.261,4160200
40.4244,2022-06-09,41.6744,40.4051,41.5398,4665400
38.5974,2022-06-10,40.4725,38.3955,39.8282,8413000
36.1742,2022-06-13,37.7512,35.9819,37.5012,7051500
35.7896,2022-06-14,36.7512,35.0588,36.4916,8193900
35.7992,2022-06-15,36.6646,35.2992,36.2223,7937600
33.6357,2022-06-16,34.905,33.3761,34.7415,8811600
34.2607,2022-06-17,34.4915,33.0395,33.7799,8812300
33.9626,2022-06-21,34.9434,33.8376,34.6165,8449800
34.3184,2022-06-22,34.5973,33.5203,33.9626,6702000
34.5588,2022-06-23,34.8665,33.5588,34.6357,6503300
36.28,2022-06-24,36.3858,34.5396,34.6357,6657700
35.5685,2022-06-27,36.405,35.3858,36.3762,4198200
35.2415,2022-06-28,36.9243,35.1454,36.0108,5945600
34.7896,2022-06-29,35.1069,34.4434,34.9723,4330200
34.7319,2022-06-30,34.9242,33.5395,33.9338,6157000
35.3185,2022-07-01,35.5108,34.4723,34.703,4375600
35.1069,2022-07-05,35.1454,33.7126,34.3473,6514100
34.9146,2022-07-06,35.4915,34.4242,34.78,5000400
35.3088,2022-07-07,35.6742,34.9434,35.2992,4127200
35.2896,2022-07-08,35.655,34.8761,35.2992,3820000
35.4146,2022-07-11,35.6069,34.828,35.0204,5360700
37.0589,2022-07-12,37.5781,35.8762,35.9627,8130800
37.3089,2022-07-13,37.3762,35.6069,35.8473,10121900
36.982,2022-07-14,37.7801,36.6358,36.8377,5987800
38.0589,2022-07-15,38.1935,36.8954,37.5493,5121500
38.4147,2022-07-18,39.3474,38.2224,38.607,5433800
39.8955,2022-07-19,40.0398,38.9628,38.9628,5068900
39.9051,2022-07-20,40.1551,39.2609,39.8474,5162000
39.3186,2022-07-21,39.3474,38.5589,39.0301,7632700
38.6936,2022-07-22,39.6744,38.6743,39.5782,5456900
39.059,2022-07-25,39.107,38.1358,38.7224,4511000
38.0782,2022-07-26,38.8186,37.9724,38.6551,5087000
39.2032,2022-07-27,39.4917,38.482,39.184,6018900
36.6839,2022-07-28,37.28,35.5396,36.905,16592800
36.655,2022-07-29,36.9435,36.1646,36.28,7902100
36.8377,2022-08-01,37.0108,35.905,36.5396,5595500
36.1742,2022-08-02,36.9339,36.1166,36.4916,5486700
37.5012,2022-08-03,37.6743,36.2319,36.3089,6452500
37.2993,2022-08-04,37.9628,37.1935,37.6743,4965000
37.3185,2022-08-05,37.5012,36.857,36.8954,4604400
37.5781,2022-08-08,38.1358,37.4339,37.4339,5405300
36.8666,2022-08-09,37.6262,36.5685,37.2608,3032000
37.7705,2022-08-10,38.1358,37.482,37.6455,3363200
37.4724,2022-08-11,38.5109,37.3858,38.3185,5047900
37.9435,2022-08-12,38.0493,37.4243,37.982,3207300
38.1166,2022-08-15,38.8378,37.7224,37.8089,4722600
38.3378,2022-08-16,38.6551,37.8378,38.0782,4716900
37.4435,2022-08-17,38.1358,36.8858,37.7608,5492600
37.482,2022-08-18,37.5493,36.9435,37.4724,2981300
36.4243,2022-08-19,37.1262,36.1839,37.0012,4382700
36.03,2022-08-22,36.0492,35.5108,35.8185,5254300
36.03,2022-08-23,36.5012,35.9146,36.155,4717000
36.3473,2022-08-24,36.6166,35.9915,36.155,6097300
37.0685,2022-08-25,37.3666,36.5012,36.6166,3446400
36.0877,2022-08-26,37.2512,35.9819,37.0493,3998300
35.9915,2022-08-29,36.2512,35.53,35.5781,4072000
35.7704,2022-08-30,36.4146,35.5685,36.2512,4248700
35.2896,2022-08-31,36.2319,35.2704,36.0108,4097900
35.2223,2022-09-01,35.2319,34.4627,34.9242,3932300
35.3281,2022-09-02,36.0685,35.1069,35.6646,3791300
35.3281,2022-09-06,35.9146,34.905,35.6646,4481800
36.3377,2022-09-07,36.4146,35.3569,35.3569,5394700
36.2127,2022-09-08,36.3281,35.5492,35.8665,5087700
36.8954,2022-09-09,36.982,36.3185,36.3858,5733100
37.2801,2022-09-12,37.6358,37.107,37.2416,6078000
36.0492,2022-09-13,36.655,35.8281,36.4242,4348500
36.5685,2022-09-14,36.607,35.2511,35.8762,4203700
35.4819,2022-09-15,36.3666,35.4627,36.3185,9367100
33.3953,2022-09-16,35.0204,33.328,35.0107,12677800
34.5011,2022-09-19,34.6742,33.2799,33.3376,7935300
33.7415,2022-09-20,34.2511,33.3857,34.203,4953900
32.8088,2022-09-21,33.9146,32.8088,33.2222,6164900
31.7318,2022-09-22,32.7607,31.501,32.6934,6564500
30.8183,2022-09-23,31.3472,30.3568,31.1549,7767500
30.1644,2022-09-26,31.0875,30.0971,30.5587,6957700
30.2894,2022-09-27,30.8279,30.0106,30.6356,6169600
31.1837,2022-09-28,31.2991,30.2414,30.2991,6910300
30.4241,2022-09-29,30.8472,30.1933,30.7029,5638400
29.6548,2022-09-30,30.3952,29.6067,30.1452,6907600
30.0202,2022-10-03,30.1644,29.0394,29.6548,5734600
31.9145,2022-10-04,32.0395,30.8183,30.8183,7459700
31.7222,2022-10-05,32.001,31.0683,31.2414,4884300
31.2895,2022-10-06,31.9433,31.1549,31.6549,4264300
30.6452,2022-10-07,31.1741,30.2125,31.0202,4428800
30.4433,2022-10-10,31.0491,30.4144,30.626,4906600
30.2029,2022-10-11,31.4241,29.7317,31.1645,5624600
30.376,2022-10-12,30.5587,29.8183,29.9625,4365500
31.1837,2022-10-13,31.5395,29.4721,29.8952,6616000
31.501,2022-10-14,32.0299,31.0491,31.6933,5843000
31.4626,2022-10-17,32.328,31.1452,32.2991,4665700
32.0299,2022-10-18,32.328,31.7126,32.0972,4766200
31.8472,2022-10-19,32.9145,31.501,32.6741,8804100
31.5491,2022-10-20,32.3953,31.5299,32.1549,4843600
31.8279,2022-10-21,32.1357,31.1356,31.3952,5450600
32.4241,2022-10-24,32.5203,31.703,32.001,5841100
33.2895,2022-10-25,33.453,32.0876,32.2607,7783900
33.0491,2022-10-26,33.9723,32.9914,33.2703,9204500
33.9338,2022-10-27,34.703,33.6069,33.9626,10819500
34.8377,2022-10-28,34.9338,33.6261,34.2126,7855100
34.953,2022-10-31,35.155,34.3376,34.8088,6316700
35.5204,2022-11-01,35.6646,35.1454,35.4242,5401700
35.0973,2022-11-02,36.1454,35.0877,35.2896,7322300
35.5396,2022-11-03,35.8185,34.1165,34.578,5130500
35.655,2022-11-04,36.5396,35.3954,36.2608,4658300
35.9627,2022-11-07,36.2512,35.3761,35.8762,5061200
36.0012,2022-11-08,36.1839,35.6069,35.9723,4413300
35.7704,2022-11-09,36.3089,35.5011,35.6646,3366200
37.3281,2022-11-10,37.6935,36.3762,36.9243,5576700
36.8858,2022-11-11,37.7512,36.8377,37.5781,8221900
36.2992,2022-11-14,36.8377,36.2896,36.6166,8240200
37.155,2022-11-15,37.4724,36.6069,36.8089,7344400
36.53,2022-11-16,36.9243,36.3281,36.8858,4646400
36.1839,2022-11-17,36.2608,35.8665,35.9627,3734000
36.6454,2022-11-18,37.1743,36.2608,36.7993,3166700
36.2992,2022-11-21,36.9531,36.2223,36.5973,3017500
36.7031,2022-11-22,36.7704,35.9531,36.3666,3034900
37.1454,2022-11-23,37.4435,36.6743,36.7993,4029000
37.7128,2022-11-25,38.0589,37.0877,37.1166,2326000
37.0877,2022-11-28,37.6358,36.9916,37.4627,4533400
37.7416,2022-11-29,37.8666,37.1454,37.1454,4628800
38.3762,2022-11-30,38.4051,37.3281,37.7705,4794100
38.5397,2022-12-01,38.6551,38.1839,38.4628,5185200
38.2224,2022-12-02,38.3762,37.8955,38.1166,5312600
37.982,2022-12-05,38.8282,37.6455,38.0012,5466000
38.1551,2022-12-06,38.3185,37.8281,38.1743,4239700
36.3569,2022-12-07,37.8474,35.9531,37.8474,8706800
36.0492,2022-12-08,37.1454,35.8858,36.6935,6637300
36.5493,2022-12-09,36.6262,35.7223,35.8281,5678000
37.4435,2022-12-12,37.4916,36.3185,36.4627,4820200
36.3185,2022-12-13,38.3666,35.7608,38.2705,6578700
36.6743,2022-12-14,36.982,36.2223,36.6358,5602100
35.8569,2022-12-15,36.53,35.5685,36.3281,5810700
35.8473,2022-12-16,36.155,35.3377,35.5973,8886200
34.953,2022-12-19,36.1454,34.9434,35.9435,4014800
34.9915,2022-12-20,35.3377,34.7415,34.8377,3337700
35.1934,2022-12-21,35.6262,35.1454,35.2511,3683300
34.0973,2022-12-22,35.2319,33.7415,35.1646,5571100
34.703,2022-12-23,34.7127,33.828,34.0011,3337700
32.6357,2022-12-27,33.5396,32.3568,33.2799,15174100
30.9529,2022-12-28,32.2991,30.9529,32.1741,17673500
32.0972,2022-12-29,32.2799,30.9722,31.1068,11811600
32.376,2022-12-30,32.5684,31.8376,31.876,8942300
31.3472,2023-01-03,32.7607,30.8664,32.5203,11467600
32.328,2023-01-04,32.7222,31.4433,31.4914,8497300
32.2414,2023-01-05,32.5395,31.9722,31.9722,5208000
33.7319,2023-01-06,33.7799,31.5683,31.7318,10662800
34.4181,2023-01-09,34.7274,33.7512,33.9348,7866300
34.998,2023-01-10,35.027,34.0315,34.3021,5432900
34.766,2023-01-11,35.201,34.2635,34.4181,8963700
35.7326,2023-01-12,35.7809,34.9014,35.2783,8037300
35.7519,2023-01-13,35.7809,34.6984,34.824,5585800
35.8002,2023-01-17,35.8582,35.2203,35.7519,6791000
35.085,2023-01-18,36.4478,34.6017,36.3705,9224300
35.23,2023-01-19,35.4523,34.5341,34.795,5490200
35.8196,2023-01-20,35.8679,35.23,35.5876,5762900
35.4619,2023-01-23,35.9549,35.3073,35.8969,6098600
35.4523,2023-01-24,35.7422,35.201,35.2686,3900300
35.6359,2023-01-25,35.6649,35.0463,35.201,6402600
34.5051,2023-01-26,35.1333,33.6545,34.795,16712000
35.027,2023-01-27,35.1817,34.2635,34.2924,8196500
34.2828,2023-01-30,35.6553,34.2538,34.795,6983000
34.5727,2023-01-31,34.8627,34.3021,34.3988,5602200
34.4374,2023-02-01,34.9207,33.9735,34.3118,9279100
35.5876,2023-02-02,36.0612,34.3408,34.5051,9675900
35.1333,2023-02-03,35.5489,35.0753,35.172,4831100
34.8144,2023-02-06,35.1333,34.6404,34.795,4388700
34.9787,2023-02-07,35.1817,34.3794,34.6984,5404900
34.1185,2023-02-08,34.882,34.1088,34.7274,5489000
33.6835,2023-02-09,34.6404,33.6642,34.3021,5911400
33.4129,2023-02-10,33.5772,32.9876,33.3452,4808700
33.8962,2023-02-13,34.0218,33.3259,33.4129,3686000
34.3214,2023-02-14,34.4664,33.6062,33.9058,5334900
34.5244,2023-02-15,34.6501,33.8768,33.9735,5124600
34.2248,2023-02-16,34.3021,33.7125,34.2151,5566900
34.1765,2023-02-17,34.2924,33.8188,34.1475,4250800
32.63,2023-02-21,33.7995,32.4754,33.6642,6613300
32.4754,2023-02-22,32.862,32.2337,32.5527,5611200
32.514,2023-02-23,32.7847,32.2627,32.6493,6215100
32.4464,2023-02-24,32.485,31.9244,32.0404,5343000
32.4174,2023-02-27,32.978,32.3691,32.862,4815300
32.456,2023-02-28,32.833,32.2241,32.456,5244400
32.5237,2023-03-01,32.7073,32.3207,32.427,3639500
32.7847,2023-03-02,32.7943,32.2144,32.2821,3936700
33.036,2023-03-03,33.3066,32.7653,33.0553,3871900
32.63,2023-03-06,33.3259,32.4754,33.1326,5682200
32.426,2023-03-07,33.1353,32.3579,32.698,7739300
32.941,2023-03-08,32.9604,32.4454,32.5037,5850400
32.1442,2023-03-09,33.4074,31.8818,32.9312,8594100
31.8429,2023-03-10,32.0956,31.1142,31.9207,13423400
30.1813,2023-03-13,31.4057,30.1036,31.2405,12036000
29.6663,2023-03-14,30.9975,29.2679,30.6963,15141200
28.8889,2023-03-15,29.4428,28.578,29.0833,12768800
29.6177,2023-03-16,29.7246,28.5974,28.7335,9480400
29.1804,2023-03-17,29.54,28.8889,29.3651,7742700
29.229,2023-03-20,29.5205,29.0055,29.1513,5734100
30.1619,2023-03-21,30.2882,29.5108,29.676,6676800
29.229,2023-03-22,30.4534,29.2193,30.259,5687100
28.782,2023-03-23,29.6372,28.4711,29.4817,4993300
28.7918,2023-03-24,28.8501,28.131,28.4614,6308100
29.297,2023-03-27,29.5108,28.9667,29.2582,5115900
29.7635,2023-03-28,29.8412,29.2873,29.297,4056300
30.5506,2023-03-29,30.5603,29.9967,30.123,4730900
30.9198,2023-03-30,31.2599,30.8421,30.9004,5097100
31.6194,2023-03-31,31.6486,31.1627,31.2599,5193400
30.7935,2023-04-03,31.4154,30.7449,31.1627,6081300
30.8226,2023-04-04,31.1239,30.4145,31.0558,4715500
30.6866,2023-04-05,30.7157,30.2202,30.5117,4196400
30.6963,2023-04-06,30.9392,30.4728,30.8712,2979700
31.2599,2023-04-10,31.2793,30.502,30.57,4487400
31.7846,2023-04-11,32.0081,31.153,31.3376,6179500
31.3279,2023-04-12,31.668,30.4242,31.5806,12377200
31.2988,2023-04-13,31.7555,30.8032,31.736,8621400
30.7741,2023-04-14,31.4834,30.5894,31.3765,6606200
31.3959,2023-04-17,31.4542,30.7838,30.9198,4447600
31.153,2023-04-18,31.736,30.1716,31.6777,21631400
31.532,2023-04-19,31.7166,30.8809,30.9587,6395200
31.2988,2023-04-20,31.7458,31.1627,31.3571,5003100
31.2405,2023-04-21,31.5417,31.0073,31.4057,4329500
31.2502,2023-04-24,31.5514,30.8129,31.3474,4586500
30.4048,2023-04-25,31.0947,30.2299,30.9295,4956000
30.0258,2023-04-26,30.8421,29.9967,30.2882,6638100
29.0347,2023-04-27,29.1902,27.995,28.6654,23081000
29.4331,2023-04-28,29.6469,28.7723,29.0347,10928500
29.7246,2023-05-01,29.8121,29.2387,29.4331,7183300
29.1124,2023-05-02,29.7246,28.7723,29.6857,6812100
29.9189,2023-05-03,30.2785,29.1027,29.229,8755300
28.4614,2023-05-04,29.8704,28.4419,29.7635,8760200
28.8209,2023-05-05,29.0444,28.7723,28.782,5802100
28.7529,2023-05-08,29.0347,28.6169,28.6654,6960100
28.7918,2023-05-09,28.8986,28.3836,28.646,4653900
28.4128,2023-05-10,29.1513,27.9561,29.1513,7088200
28.1504,2023-05-11,28.2962,27.9658,28.2282,5568900
27.8201,2023-05-12,28.2962,27.5966,28.267,5090900
28.2282,2023-05-15,28.2865,27.684,27.7715,5574500
27.7326,2023-05-16,28.3351,27.7229,28.0241,5016900
29.0347,2023-05-17,29.161,27.8978,28.0241,8269400
29.1124,2023-05-18,29.2096,28.5974,28.8792,7223200
28.646,2023-05-19,29.2096,28.5877,29.1513,4714400
28.4905,2023-05-22,28.9375,28.2768,28.9375,4655900
28.646,2023-05-23,29.3165,28.51,28.578,5819400
28.1213,2023-05-24,28.5877,27.995,28.51,6072400
28.4128,2023-05-25,28.5877,28.063,28.1018,5832700
28.8112,2023-05-26,29.0153,28.4225,28.4225,4414400
28.957,2023-05-30,29.3845,28.8015,28.9958,5567600
29.025,2023-05-31,29.2873,28.8112,29.2485,7024100
28.2865,2023-06-01,29.2388,28.2573,29.2388,8699100
29.2193,2023-06-02,29.7829,28.5002,28.578,9543000
29.1513,2023-06-05,29.4039,29.0541,29.4039,4999500
29.5303,2023-06-06,29.5983,28.8501,28.9278,4460900
29.9189,2023-06-07,29.9481,29.5497,29.7538,5088700
29.7246,2023-06-08,30.0356,29.5497,29.8995,4483800
29.7538,2023-06-09,30.055,29.6663,29.8315,5313700
30.57,2023-06-12,30.9684,30.0939,30.1133,8837200
31.532,2023-06-13,31.6097,30.6866,30.7157,8559500
32.6203,2023-06-14,32.6883,31.7555,31.7846,14745200
33.009,2023-06-15,33.0964,32.5134,32.5814,11142500
33.2811,2023-06-16,33.4365,32.8535,33.2228,8741200
33.6718,2023-06-20,33.8379,33.0759,33.1248,8930900
33.5546,2023-06-21,33.6913,33.1345,33.662,7216500
33.4862,2023-06-22,33.6034,33.0955,33.5937,4663200
33.1443,2023-06-23,33.2811,32.7438,32.8415,6016400
33.2127,2023-06-26,33.6718,33.0662,33.242,5842200
34.4337,2023-06-27,34.6291,33.2029,33.2615,7819400
34.6486,2023-06-28,34.7268,34.1407,34.4924,7692200
35.1175,2023-06-29,35.1371,34.4533,34.6486,8144800
35.3715,2023-06-30,35.4008,35.0687,35.1664,7165800
36.1823,2023-07-03,36.2702,35.1957,35.1957,4233200
36.3581,2023-07-05,36.5046,35.6059,36.0944,8215400
36.2409,2023-07-06,36.2507,35.6841,35.9967,7281900
36.7196,2023-07-07,37.1201,36.2897,36.2995,5733700
37.5206,2023-07-10,37.5499,36.7586,36.7782,7516700
38.2727,2023-07-11,38.3802,37.5401,37.5694,8127800
37.6573,2023-07-12,38.6146,37.5889,38.4779,9541100
36.1823,2023-07-13,38.3313,36.1725,38.3118,14500600
35.518,2023-07-14,36.2995,35.3324,36.1432,9119600
35.4301,2023-07-17,35.7134,35.2934,35.4497,4790900
35.8892,2023-07-18,35.899,35.0491,35.1957,5263100
36.4851,2023-07-19,36.5535,35.8697,35.8795,6488700
36.2214,2023-07-20,36.4753,35.6743,36.2897,6318800
36.3874,2023-07-21,36.6121,35.9674,36.4753,4648200
36.3386,2023-07-24,36.534,36.0455,36.1335,6093400
34.7073,2023-07-25,35.2543,34.0137,35.0687,13980300
35.4203,2023-07-26,35.5278,34.5607,34.8733,10660900
32.2554,2023-07-27,33.0368,31.9037,33.0368,33284400
32.9196,2023-07-28,32.9294,31.9428,32.0112,12511200
33.369,2023-07-31,33.6913,32.6657,32.6657,10006400
32.6559,2023-08-01,33.1052,32.2847,33.0759,8903200
32.5973,2023-08-02,32.8317,32.2847,32.2847,7348000
31.513,2023-08-03,32.2554,31.4055,31.806,10735000
31.9721,2023-08-04,32.1675,31.5911,31.7767,8304000
32.2065,2023-08-07,32.2261,31.4153,31.9135,8037200
32.9587,2023-08-08,33.1541,31.7963,31.8549,8051300
32.8513,2023-08-09,33.0075,32.5094,32.8219,8101500
33.0564,2023-08-10,33.3397,32.5777,33.1248,8003700
32.9196,2023-08-11,33.1443,32.6461,33.0271,5061400
32.7536,2023-08-14,32.9099,32.5777,32.7536,4164300
32.3531,2023-08-15,32.5484,32.0991,32.4898,4498900
32.1577,2023-08-16,32.988,32.1479,32.2261,5381300
31.4837,2023-08-17,32.2261,31.4348,32.0991,5945700
31.4055,2023-08-18,31.6204,31.1613,31.2395,5452500
31.1808,2023-08-21,31.767,31.0343,31.4544,7323500
30.7706,2023-08-22,31.3371,30.6143,31.259,6980800
30.839,2023-08-23,30.9659,30.6534,30.7608,4300900
30.4971,2023-08-24,31.0148,30.4971,30.5752,4420600
30.4971,2023-08-25,30.6729,30.1552,30.5264,3982900
30.3701,2023-08-28,31.0148,30.1649,30.6631,5515500
31.0734,2023-08-29,31.2297,30.3798,30.3798,4814200
30.8976,2023-08-30,31.0929,30.712,30.9855,3231700
30.8683,2023-08-31,31.1125,30.6436,31.0246,5202800
30.6924,2023-09-01,31.1125,30.5361,31.0343,4207600
30.2307,2023-09-05,30.7121,30.044,30.5254,5519500
29.4447,2023-09-06,30.3191,29.2285,29.3759,8878300
28.9142,2023-09-07,29.5921,28.8454,29.4054,7910900
29.0124,2023-09-08,29.0615,28.5605,28.9829,8608200
28.8945,2023-09-11,29.2678,28.6292,29.1991,4906400
28.7668,2023-09-12,29.1008,28.6489,28.9829,4291900
28.2854,2023-09-13,28.4426,27.8727,28.0692,8279200
28.4327,2023-09-14,28.5998,28.079,28.5506,8286200
29.1696,2023-09-15,29.2187,28.305,28.364,8515200
28.5703,2023-09-18,29.1008,28.5506,28.9829,5292000
28.4033,2023-09-19,28.6882,28.1675,28.5703,6510300
28.0201,2023-09-20,28.7177,28.0103,28.6489,4993100
27.7843,2023-09-21,28.2952,27.7843,27.9022,4946300
27.5583,2023-09-22,27.9022,27.5387,27.8138,5311700
27.018,2023-09-25,27.3717,26.8804,27.2636,6223400
26.0945,2023-09-26,27.1261,26.0846,26.792,10208600
26.3401,2023-09-27,26.5071,25.9962,26.1141,11127800
26.7429,2023-09-28,26.9492,26.1632,26.2713,6501500
26.5955,2023-09-29,27.0376,26.4285,26.8313,5936600
26.7134,2023-10-02,26.8804,26.4874,26.6348,6411100
26.3401,2023-10-03,26.9197,26.2124,26.6741,6603100
26.7232,2023-10-04,27.1752,26.3892,26.4088,11733700
26.8411,2023-10-05,27.0573,26.5955,26.8903,6775600
26.6053,2023-10-06,26.9983,26.3106,26.6446,6790800
26.0355,2023-10-09,26.1436,25.4853,26.1043,7451500
26.1829,2023-10-10,26.7527,26.1141,26.4187,7005600
25.7408,2023-10-11,26.6446,25.672,26.0355,7150100
25.0039,2023-10-12,25.7899,24.8369,25.7506,8747800
24.9253,2023-10-13,25.0334,24.6306,24.8074,8373500
25.1611,2023-10-16,25.2692,24.8271,25.0039,5992100
25.338,2023-10-17,25.5148,25.0137,25.0334,4496000
24.2671,2023-10-18,25.0727,24.2278,25.0629,7448300
23.9428,2023-10-19,24.5323,23.9232,24.2278,7268500
23.7758,2023-10-20,24.1,23.6972,23.8249,7519700
23.8642,2023-10-23,24.5618,23.54,23.6678,6910400
23.4811,2023-10-24,24.0411,23.4123,23.933,6445100
23.1863,2023-10-25,23.6186,23.1667,23.5302,10493300
22.98,2023-10-26,23.6678,22.42,23.0881,12871600
21.9484,2023-10-27,22.9211,21.8305,22.4986,11576700
22.1154,2023-10-30,22.1646,21.6242,22.027,13309200
21.8404,2023-10-31,22.0958,21.5358,21.9484,12171000
21.8404,2023-11-01,22.0761,21.526,21.693,8540300
22.7541,2023-11-02,22.7737,22.0467,22.1744,6854700
23.2846,2023-11-03,23.5204,22.98,23.1667,10920500
23.1176,2023-11-06,23.5695,22.8425,23.4713,6043000
23.147,2023-11-07,23.2748,22.8425,23.1863,4873700
23.5695,2023-11-08,23.9035,23.2256,23.2649,7208400
22.9407,2023-11-09,23.8249,22.9014,23.7365,6642300
22.7541,2023-11-10,22.9014,22.2825,22.7442,6778100
22.6853,2023-11-13,22.8425,22.1842,22.3021,5050400
23.8741,2023-11-14,23.9428,23.0488,23.206,8732200
24.5029,2023-11-15,24.6109,23.9625,24.0018,9043600
23.8642,2023-11-16,24.6404,23.7562,24.4537,6907700
24.3751,2023-11-17,24.4144,23.8151,24.0607,6824400
24.6895,2023-11-20,24.7779,24.0902,24.326,6246000
24.1983,2023-11-21,24.6404,24.0804,24.5127,5898600
24.2769,2023-11-22,24.9057,24.0706,24.66,7513900
24.4341,2023-11-24,24.5029,24.2278,24.385,2240300
24.0116,2023-11-27,24.4046,23.8937,24.326,7367300
24.385,2023-11-28,24.4243,23.7955,23.992,4760400
24.886,2023-11-29,25.2201,24.5618,24.6109,9195800
25.1218,2023-11-30,25.1709,24.6306,25.0236,6874300
26.2222,2023-12-01,26.2222,25.0923,25.1611,7855400
26.8215,2023-12-04,26.8411,25.9569,26.1927,12285200
26.6938,2023-12-05,26.8215,26.3597,26.6741,8641100
27.4994,2023-12-06,27.9317,26.9885,27.1654,11001200
28.6489,2023-12-07,29.0713,28.1282,28.1576,15404500
28.5605,2023-12-08,28.6882,28.1478,28.4426,8750800
28.8257,2023-12-11,28.8454,28.2657,28.5113,8349700
29.7787,2023-12-12,29.9556,28.7963,28.9338,12983000
28.6391,2023-12-13,29.1008,27.6369,29.0615,22269800
29.2384,2023-12-14,29.71,28.7177,28.8356,11860200
28.5015,2023-12-15,29.2875,28.3836,29.1794,14729900
28.4622,2023-12-18,28.5408,27.8826,28.3738,7778200
29.0026,2023-12-19,29.1991,28.5703,28.6096,7858500
28.7357,2023-12-20,29.4276,28.6764,28.8345,7398600
29.2596,2023-12-21,29.6649,28.9828,29.2003,7282900
29.1607,2023-12-22,29.5166,29.0223,29.309,6407200
28.8148,2023-12-26,29.2299,28.7851,29.0915,5185200
28.8741,2023-12-27,28.9531,28.5479,28.8444,4668500
29.0421,2023-12-28,29.0817,28.706,28.7653,4285300
28.5479,2023-12-29,28.9235,28.5083,28.9235,5694800
28.1525,2024-01-02,28.706,27.8856,28.2711,6689600
26.9959,2024-01-03,27.6879,26.9366,27.5396,8192900
27.6088,2024-01-04,27.6978,26.9465,27.0552,6785500
28.8148,2024-01-05,28.8444,27.4902,27.5297,10571500
28.7851,2024-01-08,29.141,28.5182,28.6665,10686400
28.9828,2024-01-09,29.2398,28.5479,28.7159,5474900
29.3683,2024-01-10,29.5759,28.8543,28.963,7210400
29.4968,2024-01-11,29.5364,28.7357,29.2299,6221300
28.2414,2024-01-12,29.2299,27.8955,29.2299,9881600
28.3897,2024-01-16,28.4886,27.2529,28.0734,9115900
27.7867,2024-01-17,28.5874,27.678,28.1623,7425900
29.6846,2024-01-18,29.7242,27.846,27.9251,14095200
29.6451,2024-01-19,29.7934,28.884,29.7934,8812600
29.8131,2024-01-22,30.1492,29.6352,29.7637,8595400
30.7522,2024-01-23,31.1278,30.4557,30.6633,10575500
30.7522,2024-01-24,31.029,30.5446,30.9598,9713000
30.0405,2024-01-25,32.4228,29.6056,32.1262,19606100
29.7439,2024-01-26,30.7918,29.3485,30.1789,9929000
29.8626,2024-01-29,29.9515,29.0718,29.823,8250800
29.8428,2024-01-30,30.1295,29.4672,29.4672,5357800
29.5462,2024-01-31,30.0207,29.1014,29.7538,5956700
29.8329,2024-02-01,30.0306,29.0718,29.7439,5977300
30.0207,2024-02-02,30.1393,29.4573,29.6945,4981000
29.4079,2024-02-05,29.7044,29.1805,29.5858,4994000
30.6731,2024-02-06,30.6929,29.2892,29.4375,7176800
30.3865,2024-02-07,30.9993,30.3074,30.6039,5441000
31.9582,2024-02-08,31.978,30.2975,30.4853,10891100
32.1163,2024-02-09,32.2646,31.4343,31.9088,8162100
32.4129,2024-02-12,32.8577,31.8,31.9977,8819000
32.1559,2024-02-13,32.3635,31.5529,32.0175,6266900
33.3619,2024-02-14,33.5497,32.2547,32.4623,9684200
33.8166,2024-02-15,34.3207,33.4706,33.5892,7801600
33.5398,2024-02-16,34.2515,33.2828,33.5497,7228400
33.4706,2024-02-20,34.6568,33.4212,33.9154,8855400
34.1428,2024-02-21,34.1625,33.2235,33.3223,7134800
33.8462,2024-02-22,34.7754,33.8166,34.3701,8326400
33.3915,2024-02-23,34.0143,33.2927,33.955,5477600
33.7573,2024-02-26,34.1724,33.4014,33.4805,7350800
34.123,2024-02-27,34.1922,33.8067,34.0044,4822100
34.0736,2024-02-28,34.1625,33.7671,33.8067,3604700
33.8759,2024-02-29,34.4393,33.8265,34.2219,5300800
33.5694,2024-03-01,33.9648,33.2531,33.8462,6372700
33.7177,2024-03-04,34.0044,33.0356,33.5299,6115600
34.1947,2024-03-05,34.2643,33.3997,33.4792,4151700
34.3438,2024-03-06,34.7711,34.1649,34.2841,5647100
34.6121,2024-03-07,34.6816,34.2941,34.3935,4066700
34.0457,2024-03-08,34.8307,33.8469,34.6816,5873300
33.5687,2024-03-11,34.1152,33.2705,34.1152,5322100
28.5801,2024-03-12,30.5874,28.3416,30.5576,41071100
28.1031,2024-03-13,28.7987,27.9639,28.5502,19863300
27.9341,2024-03-14,28.0733,27.5863,28.0534,10585800
28.1726,2024-03-15,28.1925,27.7851,27.8447,11551200
27.8348,2024-03-18,28.1428,27.7155,28.0733,6885000
27.9938,2024-03-19,28.0534,27.7354,27.8447,6300400
28.6596,2024-03-20,28.7192,27.954,28.0931,7483700
28.5006,2024-03-21,28.749,28.113,28.5801,9416200
28.272,2024-03-22,28.5403,28.2621,28.5304,4527700
28.3316,2024-03-25,28.5502,28.0733,28.2422,5693600
28.2323,2024-03-26,28.6198,28.2124,28.5502,5471400
29.0869,2024-03-27,29.1167,28.3316,28.4012,9338600
29.0074,2024-03-28,29.3254,28.9378,29.0372,10002800
28.9974,2024-04-01,29.226,28.9179,29.1266,7055700
28.1528,2024-04-02,28.7589,27.8646,28.6397,10511900
27.8546,2024-04-03,28.1031,27.795,28.0534,7846800
27.795,2024-04-04,28.6099,27.7254,27.9838,9651200
28.1627,2024-04-05,28.2521,27.6261,27.6658,6636600
28.4708,2024-04-08,28.6794,28.0832,28.3217,6855900
28.8682,2024-04-09,28.8782,28.1826,28.4807,7823500
27.7851,2024-04-10,28.9676,27.5963,28.6993,10963500
28.3416,2024-04-11,28.4509,27.5863,27.6758,6407100
27.3677,2024-04-12,28.0037,27.2385,27.8546,11542300
27.6658,2024-04-15,28.0136,27.477,27.6857,7041500
27.8745,2024-04-16,27.9639,27.2882,27.7155,7169700
28.5999,2024-04-17,28.8484,28.2323,28.2521,7970500
28.8782,2024-04-18,29.3254,28.7092,28.8186,7554600
29.1962,2024-04-19,29.4744,28.9279,28.9776,6910200
29.544,2024-04-22,29.7825,29.1962,29.3055,6526100
29.2757,2024-04-23,29.6334,28.8682,29.1266,7002700
29.1167,2024-04-24,29.4049,28.7689,29.2558,9632800
27.0894,2024-04-25,27.3081,25.8373,26.7118,36945300
26.8609,2024-04-26,27.3279,26.5628,26.9801,16106000
26.6721,2024-04-29,26.7715,26.1653,26.3143,15687800
25.7777,2024-04-30,26.4038,25.7678,26.2845,13924400
25.5094,2024-05-01,26.0361,25.41,25.8274,12615200
26.2448,2024-05-02,26.2945,25.5591,25.8373,14758900
25.9864,2024-05-03,26.523,25.7876,26.2646,10950400
27.2484,2024-05-06,27.4074,26.056,26.0858,10802900
26.8311,2024-05-07,27.159,26.7019,26.9801,7958800
27.0099,2024-05-08,27.1193,26.692,26.7118,6458600
27.1093,2024-05-09,27.1988,26.7118,26.9304,7637000
27.1888,2024-05-10,27.3081,26.9503,27.159,6445900
27.8049,2024-05-13,28.1627,27.2286,27.2385,9547200
27.954,2024-05-14,28.1925,27.7851,28.1031,7181600
27.5963,2024-05-15,28.1627,27.3677,28.1627,8913000
27.8049,2024-05-16,27.9838,27.636,27.6559,6076000
27.6857,2024-05-17,28.0931,27.5963,27.9938,6887500
28.0236,2024-05-20,28.0434,27.4869,27.6658,6545200
27.795,2024-05-21,27.9938,27.6161,27.8546,6507900
27.7056,2024-05-22,28.1229,27.5168,27.8447,6317800
26.4833,2024-05-23,27.6857,26.374,27.636,11289200
26.6721,2024-05-24,26.7118,26.1951,26.5727,7248900
26.3541,2024-05-28,26.7814,26.2348,26.523,8239200
25.3504,2024-05-29,25.5094,24.4461,25.0821,15761900
25.9466,2024-05-30,25.9963,25.261,25.5392,10585800
26.6721,2024-05-31,26.8112,25.897,26.1653,8230300
27.5168,2024-06-03,28.1229,26.8311,27.0894,10037000
27.6261,2024-06-04,28.0633,27.4174,27.4174,7389100
28.2819,2024-06-05,28.3118,27.3478,27.6559,8974400
27.6758,2024-06-06,28.5403,27.6062,28.3018,10698900
27.5764,2024-06-07,27.7553,27.2683,27.5963,7158900
29.5142,2024-06-10,30.1601,29.1664,29.4148,34754300
27.8745,2024-06-11,29.4148,27.8348,29.3154,12599400
28.2621,2024-06-12,28.59,27.9043,28.0832,9499700
28.2323,2024-06-13,28.5602,27.6559,28.2024,7345800
28.2024,2024-06-14,28.2621,27.5764,28.0037,9994300
28.59,2024-06-17,28.5999,27.9739,28.1627,5924300
28.43,2024-06-18,28.81,28.28,28.66,6030000
28.06,2024-06-20,28.4,28.06,28.27,5464900
28.36,2024-06-21,28.55,27.83,28.11,9061700
28.49,2024-06-24,28.96,28.27,28.39,8090900
28.51,2024-06-25,28.76,28.35,28.57,7215200
28.45,2024-06-26,28.72,27.23,27.54,11383300
28.47,2024-06-27,28.52,27.98,28.21,14298800
28.61,2024-06-28,28.7,28.1,28.5,10740000
28.11,2024-07-01,28.78,27.73,28.64,7971300
28.29,2024-07-02,28.39,27.91,28.16,7006000
28.58,2024-07-03,28.8,28.3,28.5,8222100
26.94,2024-07-05,28.55,26.94,28.3,16610100
27.35,2024-07-08,27.47,26.98,27.06,8227900
27.47,2024-07-09,27.71,27.17,27.35,7611400
27.63,2024-07-10,27.84,27.38,27.73,12553300
26.97,2024-07-11,27.21,26.4,27.0,18376300
27.53,2024-07-12,27.8,26.9,26.93,16401500
27.71,2024-07-15,27.88,27.21,27.73,6907400
28.71,2024-07-16,28.83,27.71,27.84,9487900
28.32,2024-07-17,28.7,28.13,28.17,8420800
27.41,2024-07-18,28.56,27.33,27.98,8297100
27.18,2024-07-19,27.48,26.7,27.42,6706900
27.66,2024-07-22,27.73,26.81,27.01,6579300
27.18,2024-07-23,27.8,26.85,27.75,10145000
26.61,2024-07-24,27.25,26.48,27.17,9815300
28.08,2024-07-25,28.57,25.77,25.94,21025300
27.23,2024-07-26,28.13,27.03,28.08,13132900
26.31,2024-07-29,27.26,26.15,27.22,15569500
27.04,2024-07-30,27.37,26.18,26.32,15559700
26.94,2024-07-31,27.8,26.75,27.0,10619300
26.36,2024-08-01,27.15,26.03,27.0,12554800
25.05,2024-08-02,25.85,24.88,25.84,16898900
23.7,2024-08-05,24.47,23.58,23.77,15482900
24.34,2024-08-06,24.73,23.87,24.08,9371100
24.32,2024-08-07,25.04,24.29,24.62,8399700
25.22,2024-08-08,25.31,24.53,24.56,10921500
25.33,2024-08-09,25.41,25.02,25.2,17826400
25.49,2024-08-12,25.87,25.3,25.3,5313516
